{
  "project_info": {
    "project_number": "849395103018",
    "firebase_url": "https://hw04-4a4f5.firebaseio.com",
    "project_id": "hw04-4a4f5",
    "storage_bucket": "hw04-4a4f5.appspot.com"
  },
  "client": [
    {
      "client_info": {
        "mobilesdk_app_id": "1:849395103018:android:4628942eb704c435",
        "android_client_info": {
          "package_name": "com.example.hw04"
        }
      },
      "oauth_client": [
        {
          "client_id": "849395103018-hanapbeehq3qlctbv4v5kopl0ktpnlsa.apps.googleusercontent.com",
          "client_type": 1,
          "android_info": {
            "package_name": "com.example.hw04",
            "certificate_hash": "49e36ea77c060bb645a562979002ecaaf9a93c89"
          }
        },
        {
          "client_id": "849395103018-avodibol7vc9352b3q0hbt179k8p4ond.apps.googleusercontent.com",
          "client_type": 3
        }
      ],
      "api_key": [
        {
          "current_key": "AIzaSyBOWfogsR509bzXsiAKSjbrVM5jQdHQe2o"
        }
      ],
      "services": {
        "appinvite_service": {
          "other_platform_oauth_client": [
            {
              "client_id": "849395103018-avodibol7vc9352b3q0hbt179k8p4ond.apps.googleusercontent.com",
              "client_type": 3
            }
          ]
        }
      }
    }
  ],
  "configuration_version": "1"
}